ntsc m#pal b , g , h#pal i#pal n#pal m
525 / 60#625 / 50#625 / 50#625 / 50#525 / 60
15.734khz#15.625khz#15.625khz#15.625khz#15.750khz
60hz#50hz#50hz#50hz#60hz
3.579545 mhz#4.43361875 mhz#4.43361875 mhz#3.582056 mhz#3.575611 mhz
4.2 mhz#5.0 mhz#5.5 mhz#4.2 mhz#4.2 mhz
4.5 mhz#5.5 mhz#5.9996 mhz#4.5 mhz#4.5 mhz
